date,exchange_rate
2009-01-02,0
2009-01-05,0
2009-01-08,0
2009-01-11,0
2009-01-14,0
2011-01-03,0.3
2011-05-22,4.25
2012-01-01,5.29
2012-11-28,12.56
2013-01-01,13.3
2013-04-01,92.7
2013-07-01,91.01
2013-10-01,127.18
2013-11-30,1069
2014-01-01,770
2014-06-01,650
2015-01-01,317.4
2016-01-01,433.09
2017-01-01,998.33
2017-07-01,2452.54
2017-12-01,10859.56
2018-01-01,13657.2
2018-06-01,7493.82
2019-01-01,3693.31
2020-01-01,7195.13
2020-07-01,9138.6
2021-01-01,29374.15
2021-07-01,34235.19
2022-01-01,46311.58
2022-06-01,29788.53
2022-11-01,20494.0
